Application,Deployment,Load,Target service,Service,Backend,Requests,Fails,Median latency (ms),Average latency (ms),p95 latency (ms),p99 latency (ms),CPU (%),Memory (%),Service p50 latency (ms),Service p95 latency (ms),Service p99 latency (ms),Metric source,Data quality
GoB,IaaS only,frontend 100 users (browse),frontend,frontend,iaas,36800,0,550.00,586.22,810.00,1700.00,41.4951,,,,,prometheus:kubernetes,missing:mem_pct|request_count|error_count|error_pct|p50_ms|p95_ms|p99_ms|avg_latency_ms
GoB,IaaS only,frontend 100 users (browse),frontend,productcatalogservice,iaas,36800,0,550.00,586.22,810.00,1700.00,9.1520,,,,,prometheus:kubernetes,missing:mem_pct|request_count|error_count|error_pct|p50_ms|p95_ms|p99_ms|avg_latency_ms
GoB,IaaS only,frontend 100 users (browse),frontend,cartservice,iaas,36800,0,550.00,586.22,810.00,1700.00,1.9243,,,,,prometheus:kubernetes,missing:mem_pct|request_count|error_count|error_pct|p50_ms|p95_ms|p99_ms|avg_latency_ms
GoB,IaaS only,frontend 100 users (browse),frontend,checkoutservice,iaas,36800,0,550.00,586.22,810.00,1700.00,0.0005,,,,,prometheus:kubernetes,missing:mem_pct|request_count|error_count|error_pct|p50_ms|p95_ms|p99_ms|avg_latency_ms
GoB,IaaS only,frontend 100 users (browse),frontend,currencyservice,iaas,36800,0,550.00,586.22,810.00,1700.00,31.4949,,,,,prometheus:kubernetes,missing:mem_pct|request_count|error_count|error_pct|p50_ms|p95_ms|p99_ms|avg_latency_ms
GoB,IaaS only,frontend 100 users (browse),frontend,emailservice,iaas,36800,0,550.00,586.22,810.00,1700.00,0.4626,,,,,prometheus:kubernetes,missing:mem_pct|request_count|error_count|error_pct|p50_ms|p95_ms|p99_ms|avg_latency_ms
GoB,IaaS only,frontend 100 users (browse),frontend,paymentservice,iaas,36800,0,550.00,586.22,810.00,1700.00,0.0115,,,,,prometheus:kubernetes,missing:mem_pct|request_count|error_count|error_pct|p50_ms|p95_ms|p99_ms|avg_latency_ms
GoB,IaaS only,frontend 100 users (browse),frontend,shippingservice,iaas,36800,0,550.00,586.22,810.00,1700.00,0.0005,,,,,prometheus:kubernetes,missing:mem_pct|request_count|error_count|error_pct|p50_ms|p95_ms|p99_ms|avg_latency_ms
GoB,IaaS only,frontend 100 users (browse),frontend,adservice,iaas,36800,0,550.00,586.22,810.00,1700.00,8.5776,,,,,prometheus:kubernetes,missing:mem_pct|request_count|error_count|error_pct|p50_ms|p95_ms|p99_ms|avg_latency_ms
GoB,IaaS only,frontend 100 users (browse),frontend,recommendationservice,iaas,36800,0,550.00,586.22,810.00,1700.00,9.4412,,,,,prometheus:kubernetes,missing:mem_pct|request_count|error_count|error_pct|p50_ms|p95_ms|p99_ms|avg_latency_ms
GoB,IaaS only,frontend 100 users (browse),frontend,redis-cart,iaas,36800,0,550.00,586.22,810.00,1700.00,4.0859,,,,,prometheus:kubernetes,missing:mem_pct|request_count|error_count|error_pct|p50_ms|p95_ms|p99_ms|avg_latency_ms
GoB,Hybrid,frontend 100 users (browse),frontend,frontend,iaas,29448,261,560.00,789.75,3100.00,4000.00,36.5899,,,,,prometheus:kubernetes,missing:mem_pct|request_count|error_count|error_pct|p50_ms|p95_ms|p99_ms|avg_latency_ms
GoB,Hybrid,frontend 100 users (browse),frontend,productcatalogservice,iaas,29448,261,560.00,789.75,3100.00,4000.00,7.8155,,,,,prometheus:kubernetes,missing:mem_pct|request_count|error_count|error_pct|p50_ms|p95_ms|p99_ms|avg_latency_ms
GoB,Hybrid,frontend 100 users (browse),frontend,cartservice,iaas,29448,261,560.00,789.75,3100.00,4000.00,1.5031,,,,,prometheus:kubernetes,missing:mem_pct|request_count|error_count|error_pct|p50_ms|p95_ms|p99_ms|avg_latency_ms
GoB,Hybrid,frontend 100 users (browse),frontend,checkoutservice,iaas,29448,261,560.00,789.75,3100.00,4000.00,0.0006,,,,,prometheus:kubernetes,missing:mem_pct|request_count|error_count|error_pct|p50_ms|p95_ms|p99_ms|avg_latency_ms
GoB,Hybrid,frontend 100 users (browse),frontend,currencyservice,iaas,29448,261,560.00,789.75,3100.00,4000.00,65.8556,,238.60,680.63,943.31,prometheus:kubernetes|bridge|openfaas|controller,missing:mem_pct|error_count|error_pct
GoB,Hybrid,frontend 100 users (browse),frontend,emailservice,faas,29448,261,560.00,789.75,3100.00,4000.00,0.0732,,,,,prometheus:kubernetes|bridge|openfaas|controller,missing:mem_pct|request_count|error_count|error_pct|p50_ms|p95_ms|p99_ms|avg_latency_ms
GoB,Hybrid,frontend 100 users (browse),frontend,paymentservice,iaas,29448,261,560.00,789.75,3100.00,4000.00,0.0113,,,,,prometheus:kubernetes,missing:mem_pct|request_count|error_count|error_pct|p50_ms|p95_ms|p99_ms|avg_latency_ms
GoB,Hybrid,frontend 100 users (browse),frontend,shippingservice,faas,29448,261,560.00,789.75,3100.00,4000.00,0.0561,,,,,prometheus:kubernetes|bridge|openfaas|controller,missing:mem_pct|request_count|error_count|error_pct|p50_ms|p95_ms|p99_ms|avg_latency_ms
GoB,Hybrid,frontend 100 users (browse),frontend,adservice,iaas,29448,261,560.00,789.75,3100.00,4000.00,35.4671,,3.29,9.96,77.90,prometheus:kubernetes|bridge|openfaas|controller,missing:mem_pct
GoB,Hybrid,frontend 100 users (browse),frontend,recommendationservice,iaas,29448,261,560.00,789.75,3100.00,4000.00,7.7132,,,,,prometheus:kubernetes,missing:mem_pct|request_count|error_count|error_pct|p50_ms|p95_ms|p99_ms|avg_latency_ms
GoB,Hybrid,frontend 100 users (browse),frontend,redis-cart,iaas,29448,261,560.00,789.75,3100.00,4000.00,3.6946,,,,,prometheus:kubernetes,missing:mem_pct|request_count|error_count|error_pct|p50_ms|p95_ms|p99_ms|avg_latency_ms
GoB,IaaS only,productcatalogservice 200 users (browse-product),productcatalogservice,frontend,iaas,56997,0,790.00,823.60,1200.00,1500.00,42.9715,,,,,prometheus:kubernetes,missing:mem_pct|request_count|error_count|error_pct|p50_ms|p95_ms|p99_ms|avg_latency_ms
GoB,IaaS only,productcatalogservice 200 users (browse-product),productcatalogservice,productcatalogservice,iaas,56997,0,790.00,823.60,1200.00,1500.00,16.3760,,,,,prometheus:kubernetes,missing:mem_pct|request_count|error_count|error_pct|p50_ms|p95_ms|p99_ms|avg_latency_ms
GoB,IaaS only,productcatalogservice 200 users (browse-product),productcatalogservice,cartservice,iaas,56997,0,790.00,823.60,1200.00,1500.00,1.8433,,,,,prometheus:kubernetes,missing:mem_pct|request_count|error_count|error_pct|p50_ms|p95_ms|p99_ms|avg_latency_ms
GoB,IaaS only,productcatalogservice 200 users (browse-product),productcatalogservice,checkoutservice,iaas,56997,0,790.00,823.60,1200.00,1500.00,0.0005,,,,,prometheus:kubernetes,missing:mem_pct|request_count|error_count|error_pct|p50_ms|p95_ms|p99_ms|avg_latency_ms
GoB,IaaS only,productcatalogservice 200 users (browse-product),productcatalogservice,currencyservice,iaas,56997,0,790.00,823.60,1200.00,1500.00,22.8355,,,,,prometheus:kubernetes,missing:mem_pct|request_count|error_count|error_pct|p50_ms|p95_ms|p99_ms|avg_latency_ms
GoB,IaaS only,productcatalogservice 200 users (browse-product),productcatalogservice,emailservice,iaas,56997,0,790.00,823.60,1200.00,1500.00,0.4647,,,,,prometheus:kubernetes,missing:mem_pct|request_count|error_count|error_pct|p50_ms|p95_ms|p99_ms|avg_latency_ms
GoB,IaaS only,productcatalogservice 200 users (browse-product),productcatalogservice,paymentservice,iaas,56997,0,790.00,823.60,1200.00,1500.00,0.0116,,,,,prometheus:kubernetes,missing:mem_pct|request_count|error_count|error_pct|p50_ms|p95_ms|p99_ms|avg_latency_ms
GoB,IaaS only,productcatalogservice 200 users (browse-product),productcatalogservice,shippingservice,iaas,56997,0,790.00,823.60,1200.00,1500.00,0.0005,,,,,prometheus:kubernetes,missing:mem_pct|request_count|error_count|error_pct|p50_ms|p95_ms|p99_ms|avg_latency_ms
GoB,IaaS only,productcatalogservice 200 users (browse-product),productcatalogservice,adservice,iaas,56997,0,790.00,823.60,1200.00,1500.00,4.9794,,,,,prometheus:kubernetes,missing:mem_pct|request_count|error_count|error_pct|p50_ms|p95_ms|p99_ms|avg_latency_ms
GoB,IaaS only,productcatalogservice 200 users (browse-product),productcatalogservice,recommendationservice,iaas,56997,0,790.00,823.60,1200.00,1500.00,33.8156,,,,,prometheus:kubernetes,missing:mem_pct|request_count|error_count|error_pct|p50_ms|p95_ms|p99_ms|avg_latency_ms
GoB,IaaS only,productcatalogservice 200 users (browse-product),productcatalogservice,redis-cart,iaas,56997,0,790.00,823.60,1200.00,1500.00,4.0193,,,,,prometheus:kubernetes,missing:mem_pct|request_count|error_count|error_pct|p50_ms|p95_ms|p99_ms|avg_latency_ms
GoB,Hybrid,productcatalogservice 200 users (browse-product),productcatalogservice,frontend,iaas,44984,507,840.00,1101.85,2100.00,6200.00,38.9846,,,,,prometheus:kubernetes,missing:mem_pct|request_count|error_count|error_pct|p50_ms|p95_ms|p99_ms|avg_latency_ms
GoB,Hybrid,productcatalogservice 200 users (browse-product),productcatalogservice,productcatalogservice,iaas,44984,507,840.00,1101.85,2100.00,6200.00,14.7396,,,,,prometheus:kubernetes,missing:mem_pct|request_count|error_count|error_pct|p50_ms|p95_ms|p99_ms|avg_latency_ms
GoB,Hybrid,productcatalogservice 200 users (browse-product),productcatalogservice,cartservice,iaas,44984,507,840.00,1101.85,2100.00,6200.00,1.4437,,,,,prometheus:kubernetes,missing:mem_pct|request_count|error_count|error_pct|p50_ms|p95_ms|p99_ms|avg_latency_ms
GoB,Hybrid,productcatalogservice 200 users (browse-product),productcatalogservice,checkoutservice,iaas,44984,507,840.00,1101.85,2100.00,6200.00,0.0005,,,,,prometheus:kubernetes,missing:mem_pct|request_count|error_count|error_pct|p50_ms|p95_ms|p99_ms|avg_latency_ms
GoB,Hybrid,productcatalogservice 200 users (browse-product),productcatalogservice,currencyservice,iaas,44984,507,840.00,1101.85,2100.00,6200.00,48.4670,,429.01,1080.53,2258.20,prometheus:kubernetes|bridge|openfaas|controller,missing:mem_pct|error_count|error_pct
GoB,Hybrid,productcatalogservice 200 users (browse-product),productcatalogservice,emailservice,faas,44984,507,840.00,1101.85,2100.00,6200.00,0.0669,,,,,prometheus:kubernetes|bridge|openfaas|controller,missing:mem_pct|request_count|error_count|error_pct|p50_ms|p95_ms|p99_ms|avg_latency_ms
GoB,Hybrid,productcatalogservice 200 users (browse-product),productcatalogservice,paymentservice,iaas,44984,507,840.00,1101.85,2100.00,6200.00,0.0107,,,,,prometheus:kubernetes,missing:mem_pct|request_count|error_count|error_pct|p50_ms|p95_ms|p99_ms|avg_latency_ms
GoB,Hybrid,productcatalogservice 200 users (browse-product),productcatalogservice,shippingservice,faas,44984,507,840.00,1101.85,2100.00,6200.00,0.0577,,,,,prometheus:kubernetes|bridge|openfaas|controller,missing:mem_pct|request_count|error_count|error_pct|p50_ms|p95_ms|p99_ms|avg_latency_ms
GoB,Hybrid,productcatalogservice 200 users (browse-product),productcatalogservice,adservice,iaas,44984,507,840.00,1101.85,2100.00,6200.00,34.4133,,5.81,85.97,99.76,prometheus:kubernetes|bridge|openfaas|controller,missing:mem_pct
GoB,Hybrid,productcatalogservice 200 users (browse-product),productcatalogservice,recommendationservice,iaas,44984,507,840.00,1101.85,2100.00,6200.00,27.0893,,,,,prometheus:kubernetes,missing:mem_pct|request_count|error_count|error_pct|p50_ms|p95_ms|p99_ms|avg_latency_ms
GoB,Hybrid,productcatalogservice 200 users (browse-product),productcatalogservice,redis-cart,iaas,44984,507,840.00,1101.85,2100.00,6200.00,3.8535,,,,,prometheus:kubernetes,missing:mem_pct|request_count|error_count|error_pct|p50_ms|p95_ms|p99_ms|avg_latency_ms
GoB,IaaS only,cartservice 350 users (cart),cartservice,frontend,iaas,41774,0,2600.00,2348.40,3800.00,4200.00,42.0853,,,,,prometheus:kubernetes,missing:mem_pct|request_count|error_count|error_pct|p50_ms|p95_ms|p99_ms|avg_latency_ms
GoB,IaaS only,cartservice 350 users (cart),cartservice,productcatalogservice,iaas,41774,0,2600.00,2348.40,3800.00,4200.00,15.8718,,,,,prometheus:kubernetes,missing:mem_pct|request_count|error_count|error_pct|p50_ms|p95_ms|p99_ms|avg_latency_ms
GoB,IaaS only,cartservice 350 users (cart),cartservice,cartservice,iaas,41774,0,2600.00,2348.40,3800.00,4200.00,1.6702,,,,,prometheus:kubernetes,missing:mem_pct|request_count|error_count|error_pct|p50_ms|p95_ms|p99_ms|avg_latency_ms
GoB,IaaS only,cartservice 350 users (cart),cartservice,checkoutservice,iaas,41774,0,2600.00,2348.40,3800.00,4200.00,0.0003,,,,,prometheus:kubernetes,missing:mem_pct|request_count|error_count|error_pct|p50_ms|p95_ms|p99_ms|avg_latency_ms
GoB,IaaS only,cartservice 350 users (cart),cartservice,currencyservice,iaas,41774,0,2600.00,2348.40,3800.00,4200.00,26.1668,,,,,prometheus:kubernetes,missing:mem_pct|request_count|error_count|error_pct|p50_ms|p95_ms|p99_ms|avg_latency_ms
GoB,IaaS only,cartservice 350 users (cart),cartservice,emailservice,iaas,41774,0,2600.00,2348.40,3800.00,4200.00,0.4744,,,,,prometheus:kubernetes,missing:mem_pct|request_count|error_count|error_pct|p50_ms|p95_ms|p99_ms|avg_latency_ms
GoB,IaaS only,cartservice 350 users (cart),cartservice,paymentservice,iaas,41774,0,2600.00,2348.40,3800.00,4200.00,0.0114,,,,,prometheus:kubernetes,missing:mem_pct|request_count|error_count|error_pct|p50_ms|p95_ms|p99_ms|avg_latency_ms
GoB,IaaS only,cartservice 350 users (cart),cartservice,shippingservice,iaas,41774,0,2600.00,2348.40,3800.00,4200.00,2.6648,,,,,prometheus:kubernetes,missing:mem_pct|request_count|error_count|error_pct|p50_ms|p95_ms|p99_ms|avg_latency_ms
GoB,IaaS only,cartservice 350 users (cart),cartservice,adservice,iaas,41774,0,2600.00,2348.40,3800.00,4200.00,2.0830,,,,,prometheus:kubernetes,missing:mem_pct|request_count|error_count|error_pct|p50_ms|p95_ms|p99_ms|avg_latency_ms
GoB,IaaS only,cartservice 350 users (cart),cartservice,recommendationservice,iaas,41774,0,2600.00,2348.40,3800.00,4200.00,30.2651,,,,,prometheus:kubernetes,missing:mem_pct|request_count|error_count|error_pct|p50_ms|p95_ms|p99_ms|avg_latency_ms
GoB,IaaS only,cartservice 350 users (cart),cartservice,redis-cart,iaas,41774,0,2600.00,2348.40,3800.00,4200.00,4.4181,,,,,prometheus:kubernetes,missing:mem_pct|request_count|error_count|error_pct|p50_ms|p95_ms|p99_ms|avg_latency_ms
GoB,Hybrid,cartservice 350 users (cart),cartservice,frontend,iaas,34162,635,2900.00,2903.95,6300.00,13000.00,36.7589,,,,,prometheus:kubernetes,missing:mem_pct|request_count|error_count|error_pct|p50_ms|p95_ms|p99_ms|avg_latency_ms
GoB,Hybrid,cartservice 350 users (cart),cartservice,productcatalogservice,iaas,34162,635,2900.00,2903.95,6300.00,13000.00,13.2193,,,,,prometheus:kubernetes,missing:mem_pct|request_count|error_count|error_pct|p50_ms|p95_ms|p99_ms|avg_latency_ms
GoB,Hybrid,cartservice 350 users (cart),cartservice,cartservice,iaas,34162,635,2900.00,2903.95,6300.00,13000.00,1.5973,,,,,prometheus:kubernetes,missing:mem_pct|request_count|error_count|error_pct|p50_ms|p95_ms|p99_ms|avg_latency_ms
GoB,Hybrid,cartservice 350 users (cart),cartservice,checkoutservice,iaas,34162,635,2900.00,2903.95,6300.00,13000.00,0.0005,,,,,prometheus:kubernetes,missing:mem_pct|request_count|error_count|error_pct|p50_ms|p95_ms|p99_ms|avg_latency_ms
GoB,Hybrid,cartservice 350 users (cart),cartservice,currencyservice,iaas,34162,635,2900.00,2903.95,6300.00,13000.00,58.2155,,813.90,2371.09,4187.08,prometheus:kubernetes|bridge|openfaas|controller,missing:mem_pct|error_count|error_pct
GoB,Hybrid,cartservice 350 users (cart),cartservice,emailservice,faas,34162,635,2900.00,2903.95,6300.00,13000.00,0.0680,,,,,prometheus:kubernetes|bridge|openfaas|controller,missing:mem_pct|request_count|error_count|error_pct|p50_ms|p95_ms|p99_ms|avg_latency_ms
GoB,Hybrid,cartservice 350 users (cart),cartservice,paymentservice,iaas,34162,635,2900.00,2903.95,6300.00,13000.00,0.0105,,,,,prometheus:kubernetes,missing:mem_pct|request_count|error_count|error_pct|p50_ms|p95_ms|p99_ms|avg_latency_ms
GoB,Hybrid,cartservice 350 users (cart),cartservice,shippingservice,iaas,34162,635,2900.00,2903.95,6300.00,13000.00,5.2504,,12.45,92.37,196.20,prometheus:kubernetes|bridge|openfaas|controller,missing:mem_pct|error_count|error_pct
GoB,Hybrid,cartservice 350 users (cart),cartservice,adservice,faas,34162,635,2900.00,2903.95,6300.00,13000.00,6.8452,,6.57,65.72,98.14,prometheus:kubernetes|bridge|openfaas|controller,missing:mem_pct
GoB,Hybrid,cartservice 350 users (cart),cartservice,recommendationservice,iaas,34162,635,2900.00,2903.95,6300.00,13000.00,24.1416,,,,,prometheus:kubernetes,missing:mem_pct|request_count|error_count|error_pct|p50_ms|p95_ms|p99_ms|avg_latency_ms
GoB,Hybrid,cartservice 350 users (cart),cartservice,redis-cart,iaas,34162,635,2900.00,2903.95,6300.00,13000.00,4.2304,,,,,prometheus:kubernetes,missing:mem_pct|request_count|error_count|error_pct|p50_ms|p95_ms|p99_ms|avg_latency_ms
GoB,IaaS only,checkoutservice 200 users (checkout),checkoutservice,frontend,iaas,50777,0,860.00,1092.29,1800.00,2300.00,43.4018,,,,,prometheus:kubernetes,missing:mem_pct|request_count|error_count|error_pct|p50_ms|p95_ms|p99_ms|avg_latency_ms
GoB,IaaS only,checkoutservice 200 users (checkout),checkoutservice,productcatalogservice,iaas,50777,0,860.00,1092.29,1800.00,2300.00,19.4400,,,,,prometheus:kubernetes,missing:mem_pct|request_count|error_count|error_pct|p50_ms|p95_ms|p99_ms|avg_latency_ms
GoB,IaaS only,checkoutservice 200 users (checkout),checkoutservice,cartservice,iaas,50777,0,860.00,1092.29,1800.00,2300.00,4.0631,,,,,prometheus:kubernetes,missing:mem_pct|request_count|error_count|error_pct|p50_ms|p95_ms|p99_ms|avg_latency_ms
GoB,IaaS only,checkoutservice 200 users (checkout),checkoutservice,checkoutservice,iaas,50777,0,860.00,1092.29,1800.00,2300.00,14.9765,,,,,prometheus:kubernetes,missing:mem_pct|request_count|error_count|error_pct|p50_ms|p95_ms|p99_ms|avg_latency_ms
GoB,IaaS only,checkoutservice 200 users (checkout),checkoutservice,currencyservice,iaas,50777,0,860.00,1092.29,1800.00,2300.00,22.1333,,,,,prometheus:kubernetes,missing:mem_pct|request_count|error_count|error_pct|p50_ms|p95_ms|p99_ms|avg_latency_ms
GoB,IaaS only,checkoutservice 200 users (checkout),checkoutservice,emailservice,iaas,50777,0,860.00,1092.29,1800.00,2300.00,17.8421,,,,,prometheus:kubernetes,missing:mem_pct|request_count|error_count|error_pct|p50_ms|p95_ms|p99_ms|avg_latency_ms
GoB,IaaS only,checkoutservice 200 users (checkout),checkoutservice,paymentservice,iaas,50777,0,860.00,1092.29,1800.00,2300.00,9.8227,,,,,prometheus:kubernetes,missing:mem_pct|request_count|error_count|error_pct|p50_ms|p95_ms|p99_ms|avg_latency_ms
GoB,IaaS only,checkoutservice 200 users (checkout),checkoutservice,shippingservice,iaas,50777,0,860.00,1092.29,1800.00,2300.00,5.6031,,,,,prometheus:kubernetes,missing:mem_pct|request_count|error_count|error_pct|p50_ms|p95_ms|p99_ms|avg_latency_ms
GoB,IaaS only,checkoutservice 200 users (checkout),checkoutservice,adservice,iaas,50777,0,860.00,1092.29,1800.00,2300.00,7.8249,,,,,prometheus:kubernetes,missing:mem_pct|request_count|error_count|error_pct|p50_ms|p95_ms|p99_ms|avg_latency_ms
GoB,IaaS only,checkoutservice 200 users (checkout),checkoutservice,recommendationservice,iaas,50777,0,860.00,1092.29,1800.00,2300.00,37.9338,,,,,prometheus:kubernetes,missing:mem_pct|request_count|error_count|error_pct|p50_ms|p95_ms|p99_ms|avg_latency_ms
GoB,IaaS only,checkoutservice 200 users (checkout),checkoutservice,redis-cart,iaas,50777,0,860.00,1092.29,1800.00,2300.00,5.4909,,,,,prometheus:kubernetes,missing:mem_pct|request_count|error_count|error_pct|p50_ms|p95_ms|p99_ms|avg_latency_ms
GoB,Hybrid,checkoutservice 200 users (checkout),checkoutservice,frontend,iaas,43180,196,1100.00,1298.89,2600.00,3700.00,41.6239,,,,,prometheus:kubernetes,missing:mem_pct|request_count|error_count|error_pct|p50_ms|p95_ms|p99_ms|avg_latency_ms
GoB,Hybrid,checkoutservice 200 users (checkout),checkoutservice,productcatalogservice,iaas,43180,196,1100.00,1298.89,2600.00,3700.00,17.8981,,,,,prometheus:kubernetes,missing:mem_pct|request_count|error_count|error_pct|p50_ms|p95_ms|p99_ms|avg_latency_ms
GoB,Hybrid,checkoutservice 200 users (checkout),checkoutservice,cartservice,iaas,43180,196,1100.00,1298.89,2600.00,3700.00,3.3488,,,,,prometheus:kubernetes,missing:mem_pct|request_count|error_count|error_pct|p50_ms|p95_ms|p99_ms|avg_latency_ms
GoB,Hybrid,checkoutservice 200 users (checkout),checkoutservice,checkoutservice,iaas,43180,196,1100.00,1298.89,2600.00,3700.00,13.6096,,,,,prometheus:kubernetes,missing:mem_pct|request_count|error_count|error_pct|p50_ms|p95_ms|p99_ms|avg_latency_ms
GoB,Hybrid,checkoutservice 200 users (checkout),checkoutservice,currencyservice,iaas,43180,196,1100.00,1298.89,2600.00,3700.00,49.3133,,400.94,970.90,2029.59,prometheus:kubernetes|bridge|openfaas|controller,missing:mem_pct|error_count|error_pct
GoB,Hybrid,checkoutservice 200 users (checkout),checkoutservice,emailservice,faas,43180,196,1100.00,1298.89,2600.00,3700.00,11.4442,,6.49,57.39,191.21,prometheus:kubernetes|bridge|openfaas|controller,missing:mem_pct|error_count|error_pct
GoB,Hybrid,checkoutservice 200 users (checkout),checkoutservice,paymentservice,iaas,43180,196,1100.00,1298.89,2600.00,3700.00,6.0944,,,,,prometheus:kubernetes,missing:mem_pct|request_count|error_count|error_pct|p50_ms|p95_ms|p99_ms|avg_latency_ms
GoB,Hybrid,checkoutservice 200 users (checkout),checkoutservice,shippingservice,iaas,43180,196,1100.00,1298.89,2600.00,3700.00,12.1787,,11.44,90.99,172.69,prometheus:kubernetes|bridge|openfaas|controller,missing:mem_pct|error_count|error_pct
GoB,Hybrid,checkoutservice 200 users (checkout),checkoutservice,adservice,faas,43180,196,1100.00,1298.89,2600.00,3700.00,9.2085,,4.84,22.07,67.43,prometheus:kubernetes|bridge|openfaas|controller,missing:mem_pct
GoB,Hybrid,checkoutservice 200 users (checkout),checkoutservice,recommendationservice,iaas,43180,196,1100.00,1298.89,2600.00,3700.00,32.6204,,,,,prometheus:kubernetes,missing:mem_pct|request_count|error_count|error_pct|p50_ms|p95_ms|p99_ms|avg_latency_ms
GoB,Hybrid,checkoutservice 200 users (checkout),checkoutservice,redis-cart,iaas,43180,196,1100.00,1298.89,2600.00,3700.00,5.2603,,,,,prometheus:kubernetes,missing:mem_pct|request_count|error_count|error_pct|p50_ms|p95_ms|p99_ms|avg_latency_ms
GoB,IaaS only,currencyservice 50 users (currency),currencyservice,frontend,iaas,17258,0,680.00,675.51,960.00,1500.00,40.6390,,,,,prometheus:kubernetes,missing:mem_pct|request_count|error_count|error_pct|p50_ms|p95_ms|p99_ms|avg_latency_ms
GoB,IaaS only,currencyservice 50 users (currency),currencyservice,productcatalogservice,iaas,17258,0,680.00,675.51,960.00,1500.00,3.8796,,,,,prometheus:kubernetes,missing:mem_pct|request_count|error_count|error_pct|p50_ms|p95_ms|p99_ms|avg_latency_ms
GoB,IaaS only,currencyservice 50 users (currency),currencyservice,cartservice,iaas,17258,0,680.00,675.51,960.00,1500.00,2.0012,,,,,prometheus:kubernetes,missing:mem_pct|request_count|error_count|error_pct|p50_ms|p95_ms|p99_ms|avg_latency_ms
GoB,IaaS only,currencyservice 50 users (currency),currencyservice,checkoutservice,iaas,17258,0,680.00,675.51,960.00,1500.00,0.0081,,,,,prometheus:kubernetes,missing:mem_pct|request_count|error_count|error_pct|p50_ms|p95_ms|p99_ms|avg_latency_ms
GoB,IaaS only,currencyservice 50 users (currency),currencyservice,currencyservice,iaas,17258,0,680.00,675.51,960.00,1500.00,37.0023,,,,,prometheus:kubernetes,missing:mem_pct|request_count|error_count|error_pct|p50_ms|p95_ms|p99_ms|avg_latency_ms
GoB,IaaS only,currencyservice 50 users (currency),currencyservice,emailservice,iaas,17258,0,680.00,675.51,960.00,1500.00,0.4876,,,,,prometheus:kubernetes,missing:mem_pct|request_count|error_count|error_pct|p50_ms|p95_ms|p99_ms|avg_latency_ms
GoB,IaaS only,currencyservice 50 users (currency),currencyservice,paymentservice,iaas,17258,0,680.00,675.51,960.00,1500.00,0.0000,,,,,prometheus:kubernetes,missing:mem_pct|request_count|error_count|error_pct|p50_ms|p95_ms|p99_ms|avg_latency_ms
GoB,IaaS only,currencyservice 50 users (currency),currencyservice,shippingservice,iaas,17258,0,680.00,675.51,960.00,1500.00,0.0052,,,,,prometheus:kubernetes,missing:mem_pct|request_count|error_count|error_pct|p50_ms|p95_ms|p99_ms|avg_latency_ms
GoB,IaaS only,currencyservice 50 users (currency),currencyservice,adservice,iaas,17258,0,680.00,675.51,960.00,1500.00,3.2147,,,,,prometheus:kubernetes,missing:mem_pct|request_count|error_count|error_pct|p50_ms|p95_ms|p99_ms|avg_latency_ms
GoB,IaaS only,currencyservice 50 users (currency),currencyservice,recommendationservice,iaas,17258,0,680.00,675.51,960.00,1500.00,0.2460,,,,,prometheus:kubernetes,missing:mem_pct|request_count|error_count|error_pct|p50_ms|p95_ms|p99_ms|avg_latency_ms
GoB,IaaS only,currencyservice 50 users (currency),currencyservice,redis-cart,iaas,17258,0,680.00,675.51,960.00,1500.00,3.8765,,,,,prometheus:kubernetes,missing:mem_pct|request_count|error_count|error_pct|p50_ms|p95_ms|p99_ms|avg_latency_ms
GoB,Hybrid,currencyservice 50 users (currency),currencyservice,frontend,iaas,15641,96,610.00,766.96,1900.00,2400.00,35.6623,,,,,prometheus:kubernetes,missing:mem_pct|request_count|error_count|error_pct|p50_ms|p95_ms|p99_ms|avg_latency_ms
GoB,Hybrid,currencyservice 50 users (currency),currencyservice,productcatalogservice,iaas,15641,96,610.00,766.96,1900.00,2400.00,3.2343,,,,,prometheus:kubernetes,missing:mem_pct|request_count|error_count|error_pct|p50_ms|p95_ms|p99_ms|avg_latency_ms
GoB,Hybrid,currencyservice 50 users (currency),currencyservice,cartservice,iaas,15641,96,610.00,766.96,1900.00,2400.00,1.6723,,,,,prometheus:kubernetes,missing:mem_pct|request_count|error_count|error_pct|p50_ms|p95_ms|p99_ms|avg_latency_ms
GoB,Hybrid,currencyservice 50 users (currency),currencyservice,checkoutservice,iaas,15641,96,610.00,766.96,1900.00,2400.00,0.0063,,,,,prometheus:kubernetes,missing:mem_pct|request_count|error_count|error_pct|p50_ms|p95_ms|p99_ms|avg_latency_ms
GoB,Hybrid,currencyservice 50 users (currency),currencyservice,currencyservice,iaas,15641,96,610.00,766.96,1900.00,2400.00,69.5719,,90.27,243.51,436.43,prometheus:kubernetes|bridge|openfaas|controller,missing:mem_pct|error_count|error_pct
GoB,Hybrid,currencyservice 50 users (currency),currencyservice,emailservice,faas,15641,96,610.00,766.96,1900.00,2400.00,0.0591,,,,,prometheus:kubernetes|bridge|openfaas|controller,missing:mem_pct|request_count|error_count|error_pct|p50_ms|p95_ms|p99_ms|avg_latency_ms
GoB,Hybrid,currencyservice 50 users (currency),currencyservice,paymentservice,iaas,15641,96,610.00,766.96,1900.00,2400.00,0.0000,,,,,prometheus:kubernetes,missing:mem_pct|request_count|error_count|error_pct|p50_ms|p95_ms|p99_ms|avg_latency_ms
GoB,Hybrid,currencyservice 50 users (currency),currencyservice,shippingservice,faas,15641,96,610.00,766.96,1900.00,2400.00,0.0473,,,,,prometheus:kubernetes|bridge|openfaas|controller,missing:mem_pct|request_count|error_count|error_pct|p50_ms|p95_ms|p99_ms|avg_latency_ms
GoB,Hybrid,currencyservice 50 users (currency),currencyservice,adservice,faas,15641,96,610.00,766.96,1900.00,2400.00,9.9061,,2.59,4.92,9.07,prometheus:kubernetes|bridge|openfaas|controller,missing:mem_pct|error_count|error_pct
GoB,Hybrid,currencyservice 50 users (currency),currencyservice,recommendationservice,iaas,15641,96,610.00,766.96,1900.00,2400.00,0.1693,,,,,prometheus:kubernetes,missing:mem_pct|request_count|error_count|error_pct|p50_ms|p95_ms|p99_ms|avg_latency_ms
GoB,Hybrid,currencyservice 50 users (currency),currencyservice,redis-cart,iaas,15641,96,610.00,766.96,1900.00,2400.00,3.7798,,,,,prometheus:kubernetes,missing:mem_pct|request_count|error_count|error_pct|p50_ms|p95_ms|p99_ms|avg_latency_ms
GoB,IaaS only,paymentservice 200 users (checkout),paymentservice,frontend,iaas,55482,0,780.00,992.32,1700.00,2600.00,41.4624,,,,,prometheus:kubernetes,missing:mem_pct|request_count|error_count|error_pct|p50_ms|p95_ms|p99_ms|avg_latency_ms
GoB,IaaS only,paymentservice 200 users (checkout),paymentservice,productcatalogservice,iaas,55482,0,780.00,992.32,1700.00,2600.00,19.0015,,,,,prometheus:kubernetes,missing:mem_pct|request_count|error_count|error_pct|p50_ms|p95_ms|p99_ms|avg_latency_ms
GoB,IaaS only,paymentservice 200 users (checkout),paymentservice,cartservice,iaas,55482,0,780.00,992.32,1700.00,2600.00,3.2484,,,,,prometheus:kubernetes,missing:mem_pct|request_count|error_count|error_pct|p50_ms|p95_ms|p99_ms|avg_latency_ms
GoB,IaaS only,paymentservice 200 users (checkout),paymentservice,checkoutservice,iaas,55482,0,780.00,992.32,1700.00,2600.00,13.3391,,,,,prometheus:kubernetes,missing:mem_pct|request_count|error_count|error_pct|p50_ms|p95_ms|p99_ms|avg_latency_ms
GoB,IaaS only,paymentservice 200 users (checkout),paymentservice,currencyservice,iaas,55482,0,780.00,992.32,1700.00,2600.00,21.0844,,,,,prometheus:kubernetes,missing:mem_pct|request_count|error_count|error_pct|p50_ms|p95_ms|p99_ms|avg_latency_ms
GoB,IaaS only,paymentservice 200 users (checkout),paymentservice,emailservice,iaas,55482,0,780.00,992.32,1700.00,2600.00,15.3769,,,,,prometheus:kubernetes,missing:mem_pct|request_count|error_count|error_pct|p50_ms|p95_ms|p99_ms|avg_latency_ms
GoB,IaaS only,paymentservice 200 users (checkout),paymentservice,paymentservice,iaas,55482,0,780.00,992.32,1700.00,2600.00,7.7890,,,,,prometheus:kubernetes,missing:mem_pct|request_count|error_count|error_pct|p50_ms|p95_ms|p99_ms|avg_latency_ms
GoB,IaaS only,paymentservice 200 users (checkout),paymentservice,shippingservice,iaas,55482,0,780.00,992.32,1700.00,2600.00,5.2555,,,,,prometheus:kubernetes,missing:mem_pct|request_count|error_count|error_pct|p50_ms|p95_ms|p99_ms|avg_latency_ms
GoB,IaaS only,paymentservice 200 users (checkout),paymentservice,adservice,iaas,55482,0,780.00,992.32,1700.00,2600.00,5.9215,,,,,prometheus:kubernetes,missing:mem_pct|request_count|error_count|error_pct|p50_ms|p95_ms|p99_ms|avg_latency_ms
GoB,IaaS only,paymentservice 200 users (checkout),paymentservice,recommendationservice,iaas,55482,0,780.00,992.32,1700.00,2600.00,37.9903,,,,,prometheus:kubernetes,missing:mem_pct|request_count|error_count|error_pct|p50_ms|p95_ms|p99_ms|avg_latency_ms
GoB,IaaS only,paymentservice 200 users (checkout),paymentservice,redis-cart,iaas,55482,0,780.00,992.32,1700.00,2600.00,4.5880,,,,,prometheus:kubernetes,missing:mem_pct|request_count|error_count|error_pct|p50_ms|p95_ms|p99_ms|avg_latency_ms
GoB,Hybrid,paymentservice 200 users (checkout),paymentservice,frontend,iaas,25443,127,1400.00,2264.69,6900.00,16000.00,34.1555,,,,,prometheus:kubernetes,missing:mem_pct|request_count|error_count|error_pct|p50_ms|p95_ms|p99_ms|avg_latency_ms
GoB,Hybrid,paymentservice 200 users (checkout),paymentservice,productcatalogservice,iaas,25443,127,1400.00,2264.69,6900.00,16000.00,14.5218,,,,,prometheus:kubernetes,missing:mem_pct|request_count|error_count|error_pct|p50_ms|p95_ms|p99_ms|avg_latency_ms
GoB,Hybrid,paymentservice 200 users (checkout),paymentservice,cartservice,iaas,25443,127,1400.00,2264.69,6900.00,16000.00,2.6673,,,,,prometheus:kubernetes,missing:mem_pct|request_count|error_count|error_pct|p50_ms|p95_ms|p99_ms|avg_latency_ms
GoB,Hybrid,paymentservice 200 users (checkout),paymentservice,checkoutservice,iaas,25443,127,1400.00,2264.69,6900.00,16000.00,10.1748,,,,,prometheus:kubernetes,missing:mem_pct|request_count|error_count|error_pct|p50_ms|p95_ms|p99_ms|avg_latency_ms
GoB,Hybrid,paymentservice 200 users (checkout),paymentservice,currencyservice,iaas,25443,127,1400.00,2264.69,6900.00,16000.00,34.8931,,300.92,965.92,2069.55,prometheus:kubernetes|bridge|openfaas|controller,missing:mem_pct|error_count|error_pct
GoB,Hybrid,paymentservice 200 users (checkout),paymentservice,emailservice,faas,25443,127,1400.00,2264.69,6900.00,16000.00,7.5134,,5.46,32.80,118.93,prometheus:kubernetes|bridge|openfaas|controller,missing:mem_pct
GoB,Hybrid,paymentservice 200 users (checkout),paymentservice,paymentservice,iaas,25443,127,1400.00,2264.69,6900.00,16000.00,4.9286,,,,,prometheus:kubernetes,missing:mem_pct|request_count|error_count|error_pct|p50_ms|p95_ms|p99_ms|avg_latency_ms
GoB,Hybrid,paymentservice 200 users (checkout),paymentservice,shippingservice,iaas,25443,127,1400.00,2264.69,6900.00,16000.00,7.5046,,7.73,77.49,103.80,prometheus:kubernetes|bridge|openfaas|controller,missing:mem_pct|error_count|error_pct
GoB,Hybrid,paymentservice 200 users (checkout),paymentservice,adservice,faas,25443,127,1400.00,2264.69,6900.00,16000.00,6.0436,,3.50,16.65,24.60,prometheus:kubernetes|bridge|openfaas|controller,missing:mem_pct
GoB,Hybrid,paymentservice 200 users (checkout),paymentservice,recommendationservice,iaas,25443,127,1400.00,2264.69,6900.00,16000.00,20.1370,,,,,prometheus:kubernetes,missing:mem_pct|request_count|error_count|error_pct|p50_ms|p95_ms|p99_ms|avg_latency_ms
GoB,Hybrid,paymentservice 200 users (checkout),paymentservice,redis-cart,iaas,25443,127,1400.00,2264.69,6900.00,16000.00,4.8160,,,,,prometheus:kubernetes,missing:mem_pct|request_count|error_count|error_pct|p50_ms|p95_ms|p99_ms|avg_latency_ms
GoB,IaaS only,shippingservice 50 users (checkout),shippingservice,frontend,iaas,29144,0,310.00,430.77,820.00,1300.00,41.1934,,,,,prometheus:kubernetes,missing:mem_pct|request_count|error_count|error_pct|p50_ms|p95_ms|p99_ms|avg_latency_ms
GoB,IaaS only,shippingservice 50 users (checkout),shippingservice,productcatalogservice,iaas,29144,0,310.00,430.77,820.00,1300.00,20.5316,,,,,prometheus:kubernetes,missing:mem_pct|request_count|error_count|error_pct|p50_ms|p95_ms|p99_ms|avg_latency_ms
GoB,IaaS only,shippingservice 50 users (checkout),shippingservice,cartservice,iaas,29144,0,310.00,430.77,820.00,1300.00,3.3722,,,,,prometheus:kubernetes,missing:mem_pct|request_count|error_count|error_pct|p50_ms|p95_ms|p99_ms|avg_latency_ms
GoB,IaaS only,shippingservice 50 users (checkout),shippingservice,checkoutservice,iaas,29144,0,310.00,430.77,820.00,1300.00,10.6975,,,,,prometheus:kubernetes,missing:mem_pct|request_count|error_count|error_pct|p50_ms|p95_ms|p99_ms|avg_latency_ms
GoB,IaaS only,shippingservice 50 users (checkout),shippingservice,currencyservice,iaas,29144,0,310.00,430.77,820.00,1300.00,20.7078,,,,,prometheus:kubernetes,missing:mem_pct|request_count|error_count|error_pct|p50_ms|p95_ms|p99_ms|avg_latency_ms
GoB,IaaS only,shippingservice 50 users (checkout),shippingservice,emailservice,iaas,29144,0,310.00,430.77,820.00,1300.00,8.7541,,,,,prometheus:kubernetes,missing:mem_pct|request_count|error_count|error_pct|p50_ms|p95_ms|p99_ms|avg_latency_ms
GoB,IaaS only,shippingservice 50 users (checkout),shippingservice,paymentservice,iaas,29144,0,310.00,430.77,820.00,1300.00,5.5161,,,,,prometheus:kubernetes,missing:mem_pct|request_count|error_count|error_pct|p50_ms|p95_ms|p99_ms|avg_latency_ms
GoB,IaaS only,shippingservice 50 users (checkout),shippingservice,shippingservice,iaas,29144,0,310.00,430.77,820.00,1300.00,4.7163,,,,,prometheus:kubernetes,missing:mem_pct|request_count|error_count|error_pct|p50_ms|p95_ms|p99_ms|avg_latency_ms
GoB,IaaS only,shippingservice 50 users (checkout),shippingservice,adservice,iaas,29144,0,310.00,430.77,820.00,1300.00,1.6942,,,,,prometheus:kubernetes,missing:mem_pct|request_count|error_count|error_pct|p50_ms|p95_ms|p99_ms|avg_latency_ms
GoB,IaaS only,shippingservice 50 users (checkout),shippingservice,recommendationservice,iaas,29144,0,310.00,430.77,820.00,1300.00,18.6404,,,,,prometheus:kubernetes,missing:mem_pct|request_count|error_count|error_pct|p50_ms|p95_ms|p99_ms|avg_latency_ms
GoB,IaaS only,shippingservice 50 users (checkout),shippingservice,redis-cart,iaas,29144,0,310.00,430.77,820.00,1300.00,4.2309,,,,,prometheus:kubernetes,missing:mem_pct|request_count|error_count|error_pct|p50_ms|p95_ms|p99_ms|avg_latency_ms
GoB,Hybrid,shippingservice 50 users (checkout),shippingservice,frontend,iaas,25941,129,390.00,493.40,990.00,1400.00,42.6641,,,,,prometheus:kubernetes,missing:mem_pct|request_count|error_count|error_pct|p50_ms|p95_ms|p99_ms|avg_latency_ms
GoB,Hybrid,shippingservice 50 users (checkout),shippingservice,productcatalogservice,iaas,25941,129,390.00,493.40,990.00,1400.00,19.4228,,,,,prometheus:kubernetes,missing:mem_pct|request_count|error_count|error_pct|p50_ms|p95_ms|p99_ms|avg_latency_ms
GoB,Hybrid,shippingservice 50 users (checkout),shippingservice,cartservice,iaas,25941,129,390.00,493.40,990.00,1400.00,3.7520,,,,,prometheus:kubernetes,missing:mem_pct|request_count|error_count|error_pct|p50_ms|p95_ms|p99_ms|avg_latency_ms
GoB,Hybrid,shippingservice 50 users (checkout),shippingservice,checkoutservice,iaas,25941,129,390.00,493.40,990.00,1400.00,12.6620,,,,,prometheus:kubernetes,missing:mem_pct|request_count|error_count|error_pct|p50_ms|p95_ms|p99_ms|avg_latency_ms
GoB,Hybrid,shippingservice 50 users (checkout),shippingservice,currencyservice,iaas,25941,129,390.00,493.40,990.00,1400.00,31.1501,,17.40,184.08,240.74,prometheus:kubernetes|bridge|openfaas|controller,missing:mem_pct|error_count|error_pct
GoB,Hybrid,shippingservice 50 users (checkout),shippingservice,emailservice,faas,25941,129,390.00,493.40,990.00,1400.00,8.4193,,3.83,9.99,22.69,prometheus:kubernetes|bridge|openfaas|controller,missing:mem_pct|error_count|error_pct
GoB,Hybrid,shippingservice 50 users (checkout),shippingservice,paymentservice,iaas,25941,129,390.00,493.40,990.00,1400.00,6.1030,,,,,prometheus:kubernetes,missing:mem_pct|request_count|error_count|error_pct|p50_ms|p95_ms|p99_ms|avg_latency_ms
GoB,Hybrid,shippingservice 50 users (checkout),shippingservice,shippingservice,iaas,25941,129,390.00,493.40,990.00,1400.00,10.4354,,4.64,21.08,76.42,prometheus:kubernetes|bridge|openfaas|controller,missing:mem_pct|error_count|error_pct
GoB,Hybrid,shippingservice 50 users (checkout),shippingservice,adservice,faas,25941,129,390.00,493.40,990.00,1400.00,6.3297,,2.61,4.97,9.31,prometheus:kubernetes|bridge|openfaas|controller,missing:mem_pct|error_count|error_pct
GoB,Hybrid,shippingservice 50 users (checkout),shippingservice,recommendationservice,iaas,25941,129,390.00,493.40,990.00,1400.00,20.6591,,,,,prometheus:kubernetes,missing:mem_pct|request_count|error_count|error_pct|p50_ms|p95_ms|p99_ms|avg_latency_ms
GoB,Hybrid,shippingservice 50 users (checkout),shippingservice,redis-cart,iaas,25941,129,390.00,493.40,990.00,1400.00,5.1363,,,,,prometheus:kubernetes,missing:mem_pct|request_count|error_count|error_pct|p50_ms|p95_ms|p99_ms|avg_latency_ms
GoB,IaaS only,adservice 100 users (browse-product),adservice,frontend,iaas,47653,0,380.00,401.71,520.00,1100.00,37.6846,,,,,prometheus:kubernetes,missing:mem_pct|request_count|error_count|error_pct|p50_ms|p95_ms|p99_ms|avg_latency_ms
GoB,IaaS only,adservice 100 users (browse-product),adservice,productcatalogservice,iaas,47653,0,380.00,401.71,520.00,1100.00,16.5903,,,,,prometheus:kubernetes,missing:mem_pct|request_count|error_count|error_pct|p50_ms|p95_ms|p99_ms|avg_latency_ms
GoB,IaaS only,adservice 100 users (browse-product),adservice,cartservice,iaas,47653,0,380.00,401.71,520.00,1100.00,2.1630,,,,,prometheus:kubernetes,missing:mem_pct|request_count|error_count|error_pct|p50_ms|p95_ms|p99_ms|avg_latency_ms
GoB,IaaS only,adservice 100 users (browse-product),adservice,checkoutservice,iaas,47653,0,380.00,401.71,520.00,1100.00,0.0005,,,,,prometheus:kubernetes,missing:mem_pct|request_count|error_count|error_pct|p50_ms|p95_ms|p99_ms|avg_latency_ms
GoB,IaaS only,adservice 100 users (browse-product),adservice,currencyservice,iaas,47653,0,380.00,401.71,520.00,1100.00,23.3469,,,,,prometheus:kubernetes,missing:mem_pct|request_count|error_count|error_pct|p50_ms|p95_ms|p99_ms|avg_latency_ms
GoB,IaaS only,adservice 100 users (browse-product),adservice,emailservice,iaas,47653,0,380.00,401.71,520.00,1100.00,0.3921,,,,,prometheus:kubernetes,missing:mem_pct|request_count|error_count|error_pct|p50_ms|p95_ms|p99_ms|avg_latency_ms
GoB,IaaS only,adservice 100 users (browse-product),adservice,paymentservice,iaas,47653,0,380.00,401.71,520.00,1100.00,0.0098,,,,,prometheus:kubernetes,missing:mem_pct|request_count|error_count|error_pct|p50_ms|p95_ms|p99_ms|avg_latency_ms
GoB,IaaS only,adservice 100 users (browse-product),adservice,shippingservice,iaas,47653,0,380.00,401.71,520.00,1100.00,0.0005,,,,,prometheus:kubernetes,missing:mem_pct|request_count|error_count|error_pct|p50_ms|p95_ms|p99_ms|avg_latency_ms
GoB,IaaS only,adservice 100 users (browse-product),adservice,adservice,iaas,47653,0,380.00,401.71,520.00,1100.00,8.8580,,,,,prometheus:kubernetes,missing:mem_pct|request_count|error_count|error_pct|p50_ms|p95_ms|p99_ms|avg_latency_ms
GoB,IaaS only,adservice 100 users (browse-product),adservice,recommendationservice,iaas,47653,0,380.00,401.71,520.00,1100.00,24.3255,,,,,prometheus:kubernetes,missing:mem_pct|request_count|error_count|error_pct|p50_ms|p95_ms|p99_ms|avg_latency_ms
GoB,IaaS only,adservice 100 users (browse-product),adservice,redis-cart,iaas,47653,0,380.00,401.71,520.00,1100.00,3.7657,,,,,prometheus:kubernetes,missing:mem_pct|request_count|error_count|error_pct|p50_ms|p95_ms|p99_ms|avg_latency_ms
GoB,Hybrid,adservice 100 users (browse-product),adservice,frontend,iaas,36792,256,440.00,587.61,1300.00,2900.00,41.3089,,,,,prometheus:kubernetes,missing:mem_pct|request_count|error_count|error_pct|p50_ms|p95_ms|p99_ms|avg_latency_ms
GoB,Hybrid,adservice 100 users (browse-product),adservice,productcatalogservice,iaas,36792,256,440.00,587.61,1300.00,2900.00,15.2237,,,,,prometheus:kubernetes,missing:mem_pct|request_count|error_count|error_pct|p50_ms|p95_ms|p99_ms|avg_latency_ms
GoB,Hybrid,adservice 100 users (browse-product),adservice,cartservice,iaas,36792,256,440.00,587.61,1300.00,2900.00,1.8994,,,,,prometheus:kubernetes,missing:mem_pct|request_count|error_count|error_pct|p50_ms|p95_ms|p99_ms|avg_latency_ms
GoB,Hybrid,adservice 100 users (browse-product),adservice,checkoutservice,iaas,36792,256,440.00,587.61,1300.00,2900.00,0.0076,,,,,prometheus:kubernetes,missing:mem_pct|request_count|error_count|error_pct|p50_ms|p95_ms|p99_ms|avg_latency_ms
GoB,Hybrid,adservice 100 users (browse-product),adservice,currencyservice,iaas,36792,256,440.00,587.61,1300.00,2900.00,35.6926,,188.32,484.57,849.85,prometheus:kubernetes|bridge|openfaas|controller,missing:mem_pct|error_count|error_pct
GoB,Hybrid,adservice 100 users (browse-product),adservice,emailservice,faas,36792,256,440.00,587.61,1300.00,2900.00,0.0575,,,,,prometheus:kubernetes|bridge|openfaas|controller,missing:mem_pct|request_count|error_count|error_pct|p50_ms|p95_ms|p99_ms|avg_latency_ms
GoB,Hybrid,adservice 100 users (browse-product),adservice,paymentservice,iaas,36792,256,440.00,587.61,1300.00,2900.00,0.0000,,,,,prometheus:kubernetes,missing:mem_pct|request_count|error_count|error_pct|p50_ms|p95_ms|p99_ms|avg_latency_ms
GoB,Hybrid,adservice 100 users (browse-product),adservice,shippingservice,faas,36792,256,440.00,587.61,1300.00,2900.00,0.0769,,,,,prometheus:kubernetes|bridge|openfaas|controller,missing:mem_pct|request_count|error_count|error_pct|p50_ms|p95_ms|p99_ms|avg_latency_ms
GoB,Hybrid,adservice 100 users (browse-product),adservice,adservice,iaas,36792,256,440.00,587.61,1300.00,2900.00,31.0811,,3.40,17.56,82.26,prometheus:kubernetes|bridge|openfaas|controller,missing:mem_pct
GoB,Hybrid,adservice 100 users (browse-product),adservice,recommendationservice,iaas,36792,256,440.00,587.61,1300.00,2900.00,23.9057,,,,,prometheus:kubernetes,missing:mem_pct|request_count|error_count|error_pct|p50_ms|p95_ms|p99_ms|avg_latency_ms
GoB,Hybrid,adservice 100 users (browse-product),adservice,redis-cart,iaas,36792,256,440.00,587.61,1300.00,2900.00,4.0025,,,,,prometheus:kubernetes,missing:mem_pct|request_count|error_count|error_pct|p50_ms|p95_ms|p99_ms|avg_latency_ms
GoB,IaaS only,recommendationservice 100 users (browse-product),recommendationservice,frontend,iaas,47475,0,380.00,404.15,590.00,1100.00,40.2957,,,,,prometheus:kubernetes,missing:mem_pct|request_count|error_count|error_pct|p50_ms|p95_ms|p99_ms|avg_latency_ms
GoB,IaaS only,recommendationservice 100 users (browse-product),recommendationservice,productcatalogservice,iaas,47475,0,380.00,404.15,590.00,1100.00,16.3128,,,,,prometheus:kubernetes,missing:mem_pct|request_count|error_count|error_pct|p50_ms|p95_ms|p99_ms|avg_latency_ms
GoB,IaaS only,recommendationservice 100 users (browse-product),recommendationservice,cartservice,iaas,47475,0,380.00,404.15,590.00,1100.00,1.8861,,,,,prometheus:kubernetes,missing:mem_pct|request_count|error_count|error_pct|p50_ms|p95_ms|p99_ms|avg_latency_ms
GoB,IaaS only,recommendationservice 100 users (browse-product),recommendationservice,checkoutservice,iaas,47475,0,380.00,404.15,590.00,1100.00,0.0005,,,,,prometheus:kubernetes,missing:mem_pct|request_count|error_count|error_pct|p50_ms|p95_ms|p99_ms|avg_latency_ms
GoB,IaaS only,recommendationservice 100 users (browse-product),recommendationservice,currencyservice,iaas,47475,0,380.00,404.15,590.00,1100.00,22.5837,,,,,prometheus:kubernetes,missing:mem_pct|request_count|error_count|error_pct|p50_ms|p95_ms|p99_ms|avg_latency_ms
GoB,IaaS only,recommendationservice 100 users (browse-product),recommendationservice,emailservice,iaas,47475,0,380.00,404.15,590.00,1100.00,0.3851,,,,,prometheus:kubernetes,missing:mem_pct|request_count|error_count|error_pct|p50_ms|p95_ms|p99_ms|avg_latency_ms
GoB,IaaS only,recommendationservice 100 users (browse-product),recommendationservice,paymentservice,iaas,47475,0,380.00,404.15,590.00,1100.00,0.0112,,,,,prometheus:kubernetes,missing:mem_pct|request_count|error_count|error_pct|p50_ms|p95_ms|p99_ms|avg_latency_ms
GoB,IaaS only,recommendationservice 100 users (browse-product),recommendationservice,shippingservice,iaas,47475,0,380.00,404.15,590.00,1100.00,0.0005,,,,,prometheus:kubernetes,missing:mem_pct|request_count|error_count|error_pct|p50_ms|p95_ms|p99_ms|avg_latency_ms
GoB,IaaS only,recommendationservice 100 users (browse-product),recommendationservice,adservice,iaas,47475,0,380.00,404.15,590.00,1100.00,4.2934,,,,,prometheus:kubernetes,missing:mem_pct|request_count|error_count|error_pct|p50_ms|p95_ms|p99_ms|avg_latency_ms
GoB,IaaS only,recommendationservice 100 users (browse-product),recommendationservice,recommendationservice,iaas,47475,0,380.00,404.15,590.00,1100.00,26.4913,,,,,prometheus:kubernetes,missing:mem_pct|request_count|error_count|error_pct|p50_ms|p95_ms|p99_ms|avg_latency_ms
GoB,IaaS only,recommendationservice 100 users (browse-product),recommendationservice,redis-cart,iaas,47475,0,380.00,404.15,590.00,1100.00,3.5435,,,,,prometheus:kubernetes,missing:mem_pct|request_count|error_count|error_pct|p50_ms|p95_ms|p99_ms|avg_latency_ms
GoB,Hybrid,recommendationservice 100 users (browse-product),recommendationservice,frontend,iaas,35733,259,460.00,611.62,1300.00,3000.00,40.8928,,,,,prometheus:kubernetes,missing:mem_pct|request_count|error_count|error_pct|p50_ms|p95_ms|p99_ms|avg_latency_ms
GoB,Hybrid,recommendationservice 100 users (browse-product),recommendationservice,productcatalogservice,iaas,35733,259,460.00,611.62,1300.00,3000.00,14.8389,,,,,prometheus:kubernetes,missing:mem_pct|request_count|error_count|error_pct|p50_ms|p95_ms|p99_ms|avg_latency_ms
GoB,Hybrid,recommendationservice 100 users (browse-product),recommendationservice,cartservice,iaas,35733,259,460.00,611.62,1300.00,3000.00,1.7607,,,,,prometheus:kubernetes,missing:mem_pct|request_count|error_count|error_pct|p50_ms|p95_ms|p99_ms|avg_latency_ms
GoB,Hybrid,recommendationservice 100 users (browse-product),recommendationservice,checkoutservice,iaas,35733,259,460.00,611.62,1300.00,3000.00,0.0075,,,,,prometheus:kubernetes,missing:mem_pct|request_count|error_count|error_pct|p50_ms|p95_ms|p99_ms|avg_latency_ms
GoB,Hybrid,recommendationservice 100 users (browse-product),recommendationservice,currencyservice,iaas,35733,259,460.00,611.62,1300.00,3000.00,43.4686,,186.52,473.28,763.42,prometheus:kubernetes|bridge|openfaas|controller,missing:mem_pct|error_count|error_pct
GoB,Hybrid,recommendationservice 100 users (browse-product),recommendationservice,emailservice,faas,35733,259,460.00,611.62,1300.00,3000.00,0.0613,,,,,prometheus:kubernetes|bridge|openfaas|controller,missing:mem_pct|request_count|error_count|error_pct|p50_ms|p95_ms|p99_ms|avg_latency_ms
GoB,Hybrid,recommendationservice 100 users (browse-product),recommendationservice,paymentservice,iaas,35733,259,460.00,611.62,1300.00,3000.00,0.0000,,,,,prometheus:kubernetes,missing:mem_pct|request_count|error_count|error_pct|p50_ms|p95_ms|p99_ms|avg_latency_ms
GoB,Hybrid,recommendationservice 100 users (browse-product),recommendationservice,shippingservice,faas,35733,259,460.00,611.62,1300.00,3000.00,0.0621,,,,,prometheus:kubernetes|bridge|openfaas|controller,missing:mem_pct|request_count|error_count|error_pct|p50_ms|p95_ms|p99_ms|avg_latency_ms
GoB,Hybrid,recommendationservice 100 users (browse-product),recommendationservice,adservice,iaas,35733,259,460.00,611.62,1300.00,3000.00,39.7370,,3.43,18.05,83.57,prometheus:kubernetes|bridge|openfaas|controller,missing:mem_pct
GoB,Hybrid,recommendationservice 100 users (browse-product),recommendationservice,recommendationservice,iaas,35733,259,460.00,611.62,1300.00,3000.00,23.3428,,,,,prometheus:kubernetes,missing:mem_pct|request_count|error_count|error_pct|p50_ms|p95_ms|p99_ms|avg_latency_ms
GoB,Hybrid,recommendationservice 100 users (browse-product),recommendationservice,redis-cart,iaas,35733,259,460.00,611.62,1300.00,3000.00,3.9708,,,,,prometheus:kubernetes,missing:mem_pct|request_count|error_count|error_pct|p50_ms|p95_ms|p99_ms|avg_latency_ms
GoB,IaaS only,redis-cart 100 users (cart),redis-cart,frontend,iaas,34588,0,730.00,727.54,1200.00,1300.00,42.9774,,,,,prometheus:kubernetes,missing:mem_pct|request_count|error_count|error_pct|p50_ms|p95_ms|p99_ms|avg_latency_ms
GoB,IaaS only,redis-cart 100 users (cart),redis-cart,productcatalogservice,iaas,34588,0,730.00,727.54,1200.00,1300.00,16.0196,,,,,prometheus:kubernetes,missing:mem_pct|request_count|error_count|error_pct|p50_ms|p95_ms|p99_ms|avg_latency_ms
GoB,IaaS only,redis-cart 100 users (cart),redis-cart,cartservice,iaas,34588,0,730.00,727.54,1200.00,1300.00,2.2055,,,,,prometheus:kubernetes,missing:mem_pct|request_count|error_count|error_pct|p50_ms|p95_ms|p99_ms|avg_latency_ms
GoB,IaaS only,redis-cart 100 users (cart),redis-cart,checkoutservice,iaas,34588,0,730.00,727.54,1200.00,1300.00,0.0006,,,,,prometheus:kubernetes,missing:mem_pct|request_count|error_count|error_pct|p50_ms|p95_ms|p99_ms|avg_latency_ms
GoB,IaaS only,redis-cart 100 users (cart),redis-cart,currencyservice,iaas,34588,0,730.00,727.54,1200.00,1300.00,26.2126,,,,,prometheus:kubernetes,missing:mem_pct|request_count|error_count|error_pct|p50_ms|p95_ms|p99_ms|avg_latency_ms
GoB,IaaS only,redis-cart 100 users (cart),redis-cart,emailservice,iaas,34588,0,730.00,727.54,1200.00,1300.00,0.3547,,,,,prometheus:kubernetes,missing:mem_pct|request_count|error_count|error_pct|p50_ms|p95_ms|p99_ms|avg_latency_ms
GoB,IaaS only,redis-cart 100 users (cart),redis-cart,paymentservice,iaas,34588,0,730.00,727.54,1200.00,1300.00,0.0105,,,,,prometheus:kubernetes,missing:mem_pct|request_count|error_count|error_pct|p50_ms|p95_ms|p99_ms|avg_latency_ms
GoB,IaaS only,redis-cart 100 users (cart),redis-cart,shippingservice,iaas,34588,0,730.00,727.54,1200.00,1300.00,3.4477,,,,,prometheus:kubernetes,missing:mem_pct|request_count|error_count|error_pct|p50_ms|p95_ms|p99_ms|avg_latency_ms
GoB,IaaS only,redis-cart 100 users (cart),redis-cart,adservice,iaas,34588,0,730.00,727.54,1200.00,1300.00,1.5967,,,,,prometheus:kubernetes,missing:mem_pct|request_count|error_count|error_pct|p50_ms|p95_ms|p99_ms|avg_latency_ms
GoB,IaaS only,redis-cart 100 users (cart),redis-cart,recommendationservice,iaas,34588,0,730.00,727.54,1200.00,1300.00,23.5499,,,,,prometheus:kubernetes,missing:mem_pct|request_count|error_count|error_pct|p50_ms|p95_ms|p99_ms|avg_latency_ms
GoB,IaaS only,redis-cart 100 users (cart),redis-cart,redis-cart,iaas,34588,0,730.00,727.54,1200.00,1300.00,3.7652,,,,,prometheus:kubernetes,missing:mem_pct|request_count|error_count|error_pct|p50_ms|p95_ms|p99_ms|avg_latency_ms
GoB,Hybrid,redis-cart 100 users (cart),redis-cart,frontend,iaas,25897,281,940.00,1016.20,2400.00,3600.00,37.3197,,,,,prometheus:kubernetes,missing:mem_pct|request_count|error_count|error_pct|p50_ms|p95_ms|p99_ms|avg_latency_ms
GoB,Hybrid,redis-cart 100 users (cart),redis-cart,productcatalogservice,iaas,25897,281,940.00,1016.20,2400.00,3600.00,13.5794,,,,,prometheus:kubernetes,missing:mem_pct|request_count|error_count|error_pct|p50_ms|p95_ms|p99_ms|avg_latency_ms
GoB,Hybrid,redis-cart 100 users (cart),redis-cart,cartservice,iaas,25897,281,940.00,1016.20,2400.00,3600.00,2.0310,,,,,prometheus:kubernetes,missing:mem_pct|request_count|error_count|error_pct|p50_ms|p95_ms|p99_ms|avg_latency_ms
GoB,Hybrid,redis-cart 100 users (cart),redis-cart,checkoutservice,iaas,25897,281,940.00,1016.20,2400.00,3600.00,0.0070,,,,,prometheus:kubernetes,missing:mem_pct|request_count|error_count|error_pct|p50_ms|p95_ms|p99_ms|avg_latency_ms
GoB,Hybrid,redis-cart 100 users (cart),redis-cart,currencyservice,iaas,25897,281,940.00,1016.20,2400.00,3600.00,52.2548,,189.55,474.57,776.10,prometheus:kubernetes|bridge|openfaas|controller,missing:mem_pct|error_count|error_pct
GoB,Hybrid,redis-cart 100 users (cart),redis-cart,emailservice,faas,25897,281,940.00,1016.20,2400.00,3600.00,0.0544,,,,,prometheus:kubernetes|bridge|openfaas|controller,missing:mem_pct|request_count|error_count|error_pct|p50_ms|p95_ms|p99_ms|avg_latency_ms
GoB,Hybrid,redis-cart 100 users (cart),redis-cart,paymentservice,iaas,25897,281,940.00,1016.20,2400.00,3600.00,0.0000,,,,,prometheus:kubernetes,missing:mem_pct|request_count|error_count|error_pct|p50_ms|p95_ms|p99_ms|avg_latency_ms
GoB,Hybrid,redis-cart 100 users (cart),redis-cart,shippingservice,iaas,25897,281,940.00,1016.20,2400.00,3600.00,6.0965,,5.16,21.69,64.68,prometheus:kubernetes|bridge|openfaas|controller,missing:mem_pct|error_count|error_pct
GoB,Hybrid,redis-cart 100 users (cart),redis-cart,adservice,faas,25897,281,940.00,1016.20,2400.00,3600.00,6.1645,,3.06,9.44,22.00,prometheus:kubernetes|bridge|openfaas|controller,missing:mem_pct
GoB,Hybrid,redis-cart 100 users (cart),redis-cart,recommendationservice,iaas,25897,281,940.00,1016.20,2400.00,3600.00,18.3135,,,,,prometheus:kubernetes,missing:mem_pct|request_count|error_count|error_pct|p50_ms|p95_ms|p99_ms|avg_latency_ms
GoB,Hybrid,redis-cart 100 users (cart),redis-cart,redis-cart,iaas,25897,281,940.00,1016.20,2400.00,3600.00,4.2755,,,,,prometheus:kubernetes,missing:mem_pct|request_count|error_count|error_pct|p50_ms|p95_ms|p99_ms|avg_latency_ms
GoB,IaaS only,emailservice 50 users (checkout),emailservice,frontend,iaas,29426,0,320.00,425.72,770.00,1200.00,43.9807,,,,,prometheus:kubernetes,missing:mem_pct|request_count|error_count|error_pct|p50_ms|p95_ms|p99_ms|avg_latency_ms
GoB,IaaS only,emailservice 50 users (checkout),emailservice,productcatalogservice,iaas,29426,0,320.00,425.72,770.00,1200.00,20.6405,,,,,prometheus:kubernetes,missing:mem_pct|request_count|error_count|error_pct|p50_ms|p95_ms|p99_ms|avg_latency_ms
GoB,IaaS only,emailservice 50 users (checkout),emailservice,cartservice,iaas,29426,0,320.00,425.72,770.00,1200.00,3.7179,,,,,prometheus:kubernetes,missing:mem_pct|request_count|error_count|error_pct|p50_ms|p95_ms|p99_ms|avg_latency_ms
GoB,IaaS only,emailservice 50 users (checkout),emailservice,checkoutservice,iaas,29426,0,320.00,425.72,770.00,1200.00,11.3839,,,,,prometheus:kubernetes,missing:mem_pct|request_count|error_count|error_pct|p50_ms|p95_ms|p99_ms|avg_latency_ms
GoB,IaaS only,emailservice 50 users (checkout),emailservice,currencyservice,iaas,29426,0,320.00,425.72,770.00,1200.00,19.1948,,,,,prometheus:kubernetes,missing:mem_pct|request_count|error_count|error_pct|p50_ms|p95_ms|p99_ms|avg_latency_ms
GoB,IaaS only,emailservice 50 users (checkout),emailservice,emailservice,iaas,29426,0,320.00,425.72,770.00,1200.00,9.2931,,,,,prometheus:kubernetes,missing:mem_pct|request_count|error_count|error_pct|p50_ms|p95_ms|p99_ms|avg_latency_ms
GoB,IaaS only,emailservice 50 users (checkout),emailservice,paymentservice,iaas,29426,0,320.00,425.72,770.00,1200.00,6.7904,,,,,prometheus:kubernetes,missing:mem_pct|request_count|error_count|error_pct|p50_ms|p95_ms|p99_ms|avg_latency_ms
GoB,IaaS only,emailservice 50 users (checkout),emailservice,shippingservice,iaas,29426,0,320.00,425.72,770.00,1200.00,5.3411,,,,,prometheus:kubernetes,missing:mem_pct|request_count|error_count|error_pct|p50_ms|p95_ms|p99_ms|avg_latency_ms
GoB,IaaS only,emailservice 50 users (checkout),emailservice,adservice,iaas,29426,0,320.00,425.72,770.00,1200.00,2.1026,,,,,prometheus:kubernetes,missing:mem_pct|request_count|error_count|error_pct|p50_ms|p95_ms|p99_ms|avg_latency_ms
GoB,IaaS only,emailservice 50 users (checkout),emailservice,recommendationservice,iaas,29426,0,320.00,425.72,770.00,1200.00,21.7050,,,,,prometheus:kubernetes,missing:mem_pct|request_count|error_count|error_pct|p50_ms|p95_ms|p99_ms|avg_latency_ms
GoB,IaaS only,emailservice 50 users (checkout),emailservice,redis-cart,iaas,29426,0,320.00,425.72,770.00,1200.00,4.3962,,,,,prometheus:kubernetes,missing:mem_pct|request_count|error_count|error_pct|p50_ms|p95_ms|p99_ms|avg_latency_ms
GoB,Hybrid,emailservice 50 users (checkout),emailservice,frontend,iaas,25629,356,400.00,501.21,1000.00,1500.00,39.2682,,,,,prometheus:kubernetes,missing:mem_pct|request_count|error_count|error_pct|p50_ms|p95_ms|p99_ms|avg_latency_ms
GoB,Hybrid,emailservice 50 users (checkout),emailservice,productcatalogservice,iaas,25629,356,400.00,501.21,1000.00,1500.00,18.4597,,,,,prometheus:kubernetes,missing:mem_pct|request_count|error_count|error_pct|p50_ms|p95_ms|p99_ms|avg_latency_ms
GoB,Hybrid,emailservice 50 users (checkout),emailservice,cartservice,iaas,25629,356,400.00,501.21,1000.00,1500.00,3.4385,,,,,prometheus:kubernetes,missing:mem_pct|request_count|error_count|error_pct|p50_ms|p95_ms|p99_ms|avg_latency_ms
GoB,Hybrid,emailservice 50 users (checkout),emailservice,checkoutservice,iaas,25629,356,400.00,501.21,1000.00,1500.00,11.9895,,,,,prometheus:kubernetes,missing:mem_pct|request_count|error_count|error_pct|p50_ms|p95_ms|p99_ms|avg_latency_ms
GoB,Hybrid,emailservice 50 users (checkout),emailservice,currencyservice,iaas,25629,356,400.00,501.21,1000.00,1500.00,45.7062,,17.04,183.58,238.72,prometheus:kubernetes|bridge|openfaas|controller,missing:mem_pct|error_count|error_pct
GoB,Hybrid,emailservice 50 users (checkout),emailservice,emailservice,faas,25629,356,400.00,501.21,1000.00,1500.00,7.9565,,3.87,9.96,22.84,prometheus:kubernetes|bridge|openfaas|controller,missing:mem_pct|error_count|error_pct
GoB,Hybrid,emailservice 50 users (checkout),emailservice,paymentservice,iaas,25629,356,400.00,501.21,1000.00,1500.00,5.9205,,,,,prometheus:kubernetes,missing:mem_pct|request_count|error_count|error_pct|p50_ms|p95_ms|p99_ms|avg_latency_ms
GoB,Hybrid,emailservice 50 users (checkout),emailservice,shippingservice,iaas,25629,356,400.00,501.21,1000.00,1500.00,11.5567,,4.73,21.11,69.35,prometheus:kubernetes|bridge|openfaas|controller,missing:mem_pct|error_count|error_pct
GoB,Hybrid,emailservice 50 users (checkout),emailservice,adservice,faas,25629,356,400.00,501.21,1000.00,1500.00,6.0655,,2.60,4.93,9.11,prometheus:kubernetes|bridge|openfaas|controller,missing:mem_pct|error_count|error_pct
GoB,Hybrid,emailservice 50 users (checkout),emailservice,recommendationservice,iaas,25629,356,400.00,501.21,1000.00,1500.00,20.4825,,,,,prometheus:kubernetes,missing:mem_pct|request_count|error_count|error_pct|p50_ms|p95_ms|p99_ms|avg_latency_ms
GoB,Hybrid,emailservice 50 users (checkout),emailservice,redis-cart,iaas,25629,356,400.00,501.21,1000.00,1500.00,5.0619,,,,,prometheus:kubernetes,missing:mem_pct|request_count|error_count|error_pct|p50_ms|p95_ms|p99_ms|avg_latency_ms
